{
  "metadata": {
    "bundleId": "com.example.AncestryClone",
    "name": "AncestryClone",
    "developer": "AncestryClone Team",
    "version": "1.0.0",
    "versionDate": "2025-04-23",
    "versionCode": 1,
    "size": 43812,
    "price": 0.00,
    "currency": "USD",
    "genres": ["Productivity", "Reference"],
    "languages": ["en"],
    "minimumOsVersion": "15.0",
    "formattedDescription": "AncestryClone helps you build and explore your family tree with an intuitive interface optimized for both iPhone and iPad. This app lets you create and maintain detailed family trees with support for photos, documents, and notes.\n\nFeatures:\n• Create extensive family trees\n• Add photos and documents\n• Optimized for iPad with split view\n• Support for Apple Pencil\n• Multi-window capability",
    "supportedDevices": ["iPhone", "iPad"],
    "appStoreUrl": "https://github.com/arvindcr4/AncestryClone"
  },
  "downloadInfo": {
    "downloadUrl": "https://github.com/arvindcr4/AncestryClone/releases/download/v1.0.0/AncestryClone.ipa",
    "sha256": "3d3e500c0f08d439fa49dce1229c24b8110f0b6263a45a6a8b2cfed2c247356a",
    "fileName": "AncestryClone.ipa"
  },
  "visual": {
    "primaryColor": "#007AFF",
    "iconUrl": "https://github.com/arvindcr4/AncestryClone/releases/download/v1.0.0/icon.png",
    "screenshotUrls": {
      "iPhone": [
        "https://github.com/arvindcr4/AncestryClone/releases/download/v1.0.0/screenshot1.png",
        "https://github.com/arvindcr4/AncestryClone/releases/download/v1.0.0/screenshot2.png"
      ],
      "iPad": [
        "https://github.com/arvindcr4/AncestryClone/releases/download/v1.0.0/ipad-screenshot1.png",
        "https://github.com/arvindcr4/AncestryClone/releases/download/v1.0.0/ipad-screenshot2.png"
      ]
    }
  },
  "appSpecific": {
    "permissions": [
      {
        "type": "photos",
        "description": "Used to add photos to family members"
      },
      {
        "type": "camera",
        "description": "Used to take new photos of documents and people"
      },
      {
        "type": "location",
        "description": "Helps identify places for genealogy records near you"
      }
    ],
    "features": [
      "iPad Multitasking",
      "Split View Support",
      "Keyboard Shortcuts",
      "Apple Pencil Support",
      "Family Tree Visualization"
    ]
  },
  "signing": {
    "entitlements": [
      "com.apple.security.app-sandbox",
      "com.apple.security.network.client",
      "com.apple.security.personal-information.photos-library",
      "com.apple.security.device.camera",
      "com.apple.security.application-groups"
    ],
    "developerIdRequired": false
  }
}

